{
  "0": {
    "mse_pos": 0.043076953450833386,
    "mse_whole": 0.04105650548202296,
    "l0": 32.0,
    "l1": 54.06640694966864,
    "wikidata_1alive_0dead": {
      "model_sel": 0.27899688482284546,
      "sae_sel": 0.18248993158340454
    }
  },
  "1": {
    "mse_pos": 0.08459282443314368,
    "mse_whole": 0.07935668322195609,
    "l0": 32.0,
    "l1": 46.44848199892531,
    "wikidata_1alive_0dead": {
      "model_sel": 0.27899688482284546,
      "sae_sel": 0.16592031717300415
    }
  },
  "2": {
    "mse_pos": 0.0996660715609271,
    "mse_whole": 0.09050545429438353,
    "l0": 32.0,
    "l1": 44.380194339960596,
    "wikidata_1alive_0dead": {
      "model_sel": 0.3228840231895447,
      "sae_sel": 0.20824003219604492
    }
  },
  "3": {
    "mse_pos": 0.0991791203042875,
    "mse_whole": 0.08941254929825664,
    "l0": 32.0,
    "l1": 46.08469908651263,
    "wikidata_1alive_0dead": {
      "model_sel": 0.3269144296646118,
      "sae_sel": 0.23018363118171692
    }
  },
  "4": {
    "mse_pos": 0.11737614763377176,
    "mse_whole": 0.11105873193840186,
    "l0": 32.0,
    "l1": 43.654576392620456,
    "wikidata_1alive_0dead": {
      "model_sel": 0.36789074540138245,
      "sae_sel": 0.26668161153793335
    }
  },
  "5": {
    "mse_pos": 0.17257860903322067,
    "mse_whole": 0.16803683544198672,
    "l0": 32.0,
    "l1": 44.15108364678488,
    "wikidata_1alive_0dead": {
      "model_sel": 0.3708016276359558,
      "sae_sel": 0.27227944135665894
    }
  },
  "6": {
    "mse_pos": 0.1872900788414207,
    "mse_whole": 0.1839088563596209,
    "l0": 32.0,
    "l1": 48.64754612215655,
    "wikidata_1alive_0dead": {
      "model_sel": 0.353560209274292,
      "sae_sel": 0.2933273911476135
    }
  },
  "7": {
    "mse_pos": 0.270835213908986,
    "mse_whole": 0.2675255510856708,
    "l0": 32.0,
    "l1": 56.79576392620455,
    "wikidata_1alive_0dead": {
      "model_sel": 0.3640841841697693,
      "sae_sel": 0.29467082023620605
    }
  },
  "8": {
    "mse_pos": 0.2790503289998272,
    "mse_whole": 0.27767910429338616,
    "l0": 32.0,
    "l1": 55.94463102274763,
    "wikidata_1alive_0dead": {
      "model_sel": 0.3510971665382385,
      "sae_sel": 0.2718316316604614
    }
  },
  "9": {
    "mse_pos": 0.354540535549248,
    "mse_whole": 0.3499537867705027,
    "l0": 32.0,
    "l1": 56.33758731864589,
    "wikidata_1alive_0dead": {
      "model_sel": 0.34863412380218506,
      "sae_sel": 0.2678011655807495
    }
  },
  "10": {
    "mse_pos": 0.4077124756691,
    "mse_whole": 0.3942787858694792,
    "l0": 32.0,
    "l1": 57.90441966684578,
    "wikidata_1alive_0dead": {
      "model_sel": 0.3531123697757721,
      "sae_sel": 0.26265114545822144
    }
  },
  "11": {
    "mse_pos": 13.44625826145017,
    "mse_whole": 13.432505363464356,
    "l0": 32.0,
    "l1": 90.48699176070213,
    "wikidata_1alive_0dead": {
      "model_sel": 0.34460365772247314,
      "sae_sel": 0.24899238348007202
    }
  }
}