{
  "0": {
    "mse_pos": 0.043283398866271194,
    "mse_whole": 0.041121030436828736,
    "l0": 32.0,
    "l1": 53.67877045555064,
    "wikidata_gender_1female_0male": {
      "model_sel": 0.23219817876815796,
      "sae_sel": 0.185316264629364
    }
  },
  "1": {
    "mse_pos": 0.08491235994451714,
    "mse_whole": 0.07964583404858908,
    "l0": 32.0,
    "l1": 46.15199026979213,
    "wikidata_gender_1female_0male": {
      "model_sel": 0.25011056661605835,
      "sae_sel": 0.16873061656951904
    }
  },
  "2": {
    "mse_pos": 0.10016130078147334,
    "mse_whole": 0.09107086658353607,
    "l0": 32.0,
    "l1": 44.064661654135335,
    "wikidata_gender_1female_0male": {
      "model_sel": 0.2956656217575073,
      "sae_sel": 0.21207430958747864
    }
  },
  "3": {
    "mse_pos": 0.09984191323093797,
    "mse_whole": 0.09004919603094459,
    "l0": 32.0,
    "l1": 46.22257850508625,
    "wikidata_gender_1female_0male": {
      "model_sel": 0.3785935342311859,
      "sae_sel": 0.28814682364463806
    }
  },
  "4": {
    "mse_pos": 0.11783914691128071,
    "mse_whole": 0.11224385612582168,
    "l0": 32.0,
    "l1": 43.803317116320216,
    "wikidata_gender_1female_0male": {
      "model_sel": 0.3783723711967468,
      "sae_sel": 0.30008846521377563
    }
  },
  "5": {
    "mse_pos": 0.17308040421945445,
    "mse_whole": 0.16845462333162625,
    "l0": 32.0,
    "l1": 44.346107916850954,
    "wikidata_gender_1female_0male": {
      "model_sel": 0.4122070074081421,
      "sae_sel": 0.3345864415168762
    }
  },
  "6": {
    "mse_pos": 0.1878626868530798,
    "mse_whole": 0.184246192201972,
    "l0": 32.0,
    "l1": 48.91001769128704,
    "wikidata_gender_1female_0male": {
      "model_sel": 0.4020345211029053,
      "sae_sel": 0.3518354296684265
    }
  },
  "7": {
    "mse_pos": 0.2713388689359908,
    "mse_whole": 0.26790619696180024,
    "l0": 32.0,
    "l1": 57.04484741264927,
    "wikidata_gender_1female_0male": {
      "model_sel": 0.41950464248657227,
      "sae_sel": 0.3726227283477783
    }
  },
  "8": {
    "mse_pos": 0.27949164945406496,
    "mse_whole": 0.27792270374794803,
    "l0": 32.0,
    "l1": 56.40033171163202,
    "wikidata_gender_1female_0male": {
      "model_sel": 0.4073418974876404,
      "sae_sel": 0.3721804916858673
    }
  },
  "9": {
    "mse_pos": 0.3548672784223645,
    "mse_whole": 0.35018429208298524,
    "l0": 32.0,
    "l1": 56.4796107916851,
    "wikidata_gender_1female_0male": {
      "model_sel": 0.41441839933395386,
      "sae_sel": 0.35515257716178894
    }
  },
  "10": {
    "mse_pos": 0.40753843568426906,
    "mse_whole": 0.3944827036112547,
    "l0": 32.0,
    "l1": 57.787262273330384,
    "wikidata_gender_1female_0male": {
      "model_sel": 0.40004420280456543,
      "sae_sel": 0.3025210201740265
    }
  },
  "11": {
    "mse_pos": 13.444685679945678,
    "mse_whole": 13.432140920003254,
    "l0": 32.0,
    "l1": 90.15796107916852,
    "wikidata_gender_1female_0male": {
      "model_sel": 0.4000442624092102,
      "sae_sel": 0.26691725850105286
    }
  }
}