{
  "0": {
    "mse_pos": 0.04302483442120766,
    "mse_whole": 0.04103989208738009,
    "l0": 32.0,
    "l1": 55.73039215686274,
    "wikidata_politics_1democratic_0republic": {
      "model_sel": 0.14964252710342407,
      "sae_sel": 0.31103163957595825
    }
  },
  "1": {
    "mse_pos": 0.08414609679873132,
    "mse_whole": 0.0789976954261462,
    "l0": 32.0,
    "l1": 47.84717116013072,
    "wikidata_politics_1democratic_0republic": {
      "model_sel": 0.14300304651260376,
      "sae_sel": 0.3043922185897827
    }
  },
  "2": {
    "mse_pos": 0.09926788778245157,
    "mse_whole": 0.08954127647231022,
    "l0": 32.0,
    "l1": 45.8952716503268,
    "wikidata_politics_1democratic_0republic": {
      "model_sel": 0.16802862286567688,
      "sae_sel": 0.3151174783706665
    }
  },
  "3": {
    "mse_pos": 0.10050201289860983,
    "mse_whole": 0.08878274071713288,
    "l0": 32.0,
    "l1": 46.106464460784316,
    "wikidata_politics_1democratic_0republic": {
      "model_sel": 0.17364656925201416,
      "sae_sel": 0.3074566125869751
    }
  },
  "4": {
    "mse_pos": 0.11790699224456463,
    "mse_whole": 0.10969730440775553,
    "l0": 32.0,
    "l1": 43.44837622549019,
    "wikidata_politics_1democratic_0republic": {
      "model_sel": 0.16547498106956482,
      "sae_sel": 0.285495400428772
    }
  },
  "5": {
    "mse_pos": 0.17312173496968314,
    "mse_whole": 0.16771995992958547,
    "l0": 32.0,
    "l1": 44.59089052287582,
    "wikidata_politics_1democratic_0republic": {
      "model_sel": 0.15219610929489136,
      "sae_sel": 0.2752808630466461
    }
  },
  "6": {
    "mse_pos": 0.18773288368338756,
    "mse_whole": 0.18354355148474374,
    "l0": 32.0,
    "l1": 48.12173202614379,
    "wikidata_politics_1democratic_0republic": {
      "model_sel": 0.16445353627204895,
      "sae_sel": 0.2170581817626953
    }
  },
  "7": {
    "mse_pos": 0.26989449322028874,
    "mse_whole": 0.26677097838123637,
    "l0": 32.0,
    "l1": 54.2859477124183,
    "wikidata_politics_1democratic_0republic": {
      "model_sel": 0.1634320616722107,
      "sae_sel": 0.25485190749168396
    }
  },
  "8": {
    "mse_pos": 0.27848508735522143,
    "mse_whole": 0.27644310319423676,
    "l0": 32.0,
    "l1": 53.50709763071895,
    "wikidata_politics_1democratic_0republic": {
      "model_sel": 0.16138917207717896,
      "sae_sel": 0.2129724621772766
    }
  },
  "9": {
    "mse_pos": 0.35656656502606043,
    "mse_whole": 0.3488351812958717,
    "l0": 32.0,
    "l1": 54.400735294117645,
    "wikidata_politics_1democratic_0republic": {
      "model_sel": 0.13176709413528442,
      "sae_sel": 0.20122575759887695
    }
  },
  "10": {
    "mse_pos": 0.4130293255233589,
    "mse_whole": 0.3914476754764716,
    "l0": 32.0,
    "l1": 56.76965890522876,
    "wikidata_politics_1democratic_0republic": {
      "model_sel": 0.12819206714630127,
      "sae_sel": 0.18896830081939697
    }
  },
  "11": {
    "mse_pos": 13.456881270494337,
    "mse_whole": 13.430870989163717,
    "l0": 32.0,
    "l1": 93.68678513071896,
    "wikidata_politics_1democratic_0republic": {
      "model_sel": 0.15015318989753723,
      "sae_sel": 0.18896830081939697
    }
  }
}