{
  "0": {
    "mse_pos": 0.08193730891475247,
    "mse_whole": 0.08191539969295264,
    "l0": 31.445363562091504,
    "l1": 75.96190767973856,
    "wikidata_politics_1democratic_0republic": {
      "model_sel": 0.15321755409240723,
      "sae_sel": 0.21144026517868042
    }
  },
  "1": {
    "mse_pos": 0.022051405578583868,
    "mse_whole": 0.021487213633954526,
    "l0": 32.0,
    "l1": 13.49054074754902,
    "wikidata_politics_1democratic_0republic": {
      "model_sel": 0.15526047348976135,
      "sae_sel": 0.2635342478752136
    }
  },
  "2": {
    "mse_pos": 0.04029233120929669,
    "mse_whole": 0.032659635353212556,
    "l0": 32.0,
    "l1": 20.534198835784313,
    "wikidata_politics_1democratic_0republic": {
      "model_sel": 0.16241061687469482,
      "sae_sel": 0.3580183684825897
    }
  },
  "3": {
    "mse_pos": 0.03918656255034852,
    "mse_whole": 0.029605719565103453,
    "l0": 32.0,
    "l1": 21.8629110498366,
    "wikidata_politics_1democratic_0republic": {
      "model_sel": 0.15372830629348755,
      "sae_sel": 0.302349328994751
    }
  },
  "4": {
    "mse_pos": 0.03846496360960836,
    "mse_whole": 0.030876987878854074,
    "l0": 32.0,
    "l1": 21.71075878267974,
    "wikidata_politics_1democratic_0republic": {
      "model_sel": 0.18590399622917175,
      "sae_sel": 0.3329928517341614
    }
  },
  "5": {
    "mse_pos": 0.07273259514096661,
    "mse_whole": 0.06603096113105615,
    "l0": 32.0,
    "l1": 26.252910539215687,
    "wikidata_politics_1democratic_0republic": {
      "model_sel": 0.1848825216293335,
      "sae_sel": 0.30949950218200684
    }
  },
  "6": {
    "mse_pos": 0.04799075431290868,
    "mse_whole": 0.050878554139286276,
    "l0": 32.0,
    "l1": 22.212622549019606,
    "wikidata_politics_1democratic_0republic": {
      "model_sel": 0.15934628248214722,
      "sae_sel": 0.30183863639831543
    }
  },
  "7": {
    "mse_pos": 0.0462699381153714,
    "mse_whole": 0.0433771059922874,
    "l0": 32.0,
    "l1": 20.406658496732025,
    "wikidata_politics_1democratic_0republic": {
      "model_sel": 0.1884576678276062,
      "sae_sel": 0.2614912986755371
    }
  },
  "8": {
    "mse_pos": 0.04199191707633801,
    "mse_whole": 0.04015537637161712,
    "l0": 32.0,
    "l1": 21.146343954248366,
    "wikidata_politics_1democratic_0republic": {
      "model_sel": 0.19050049781799316,
      "sae_sel": 0.22676199674606323
    }
  },
  "9": {
    "mse_pos": 0.030875007306176903,
    "mse_whole": 0.029839508379188678,
    "l0": 32.0,
    "l1": 17.67749183006536,
    "wikidata_politics_1democratic_0republic": {
      "model_sel": 0.14147090911865234,
      "sae_sel": 0.19152194261550903
    }
  },
  "10": {
    "mse_pos": 0.0327744755107952,
    "mse_whole": 0.03216075231942038,
    "l0": 32.0,
    "l1": 16.81061070261438,
    "wikidata_politics_1democratic_0republic": {
      "model_sel": 0.17007148265838623,
      "sae_sel": 0.19765064120292664
    }
  },
  "11": {
    "mse_pos": 0.029211211014840314,
    "mse_whole": 0.027762388586997987,
    "l0": 32.0,
    "l1": 18.010888991013072,
    "wikidata_politics_1democratic_0republic": {
      "model_sel": 0.17773234844207764,
      "sae_sel": 0.24514812231063843
    }
  },
  "12": {
    "mse_pos": 0.03497133574188303,
    "mse_whole": 0.032918121049180626,
    "l0": 32.0,
    "l1": 17.083052491830067,
    "wikidata_politics_1democratic_0republic": {
      "model_sel": 0.19611847400665283,
      "sae_sel": 0.2589377164840698
    }
  },
  "13": {
    "mse_pos": 0.06375071696033154,
    "mse_whole": 0.06253039905056357,
    "l0": 32.0,
    "l1": 20.081073835784313,
    "wikidata_politics_1democratic_0republic": {
      "model_sel": 0.17466801404953003,
      "sae_sel": 0.2558733820915222
    }
  },
  "14": {
    "mse_pos": 0.0458240762415336,
    "mse_whole": 0.04407758988936742,
    "l0": 32.0,
    "l1": 20.411203022875817,
    "wikidata_politics_1democratic_0republic": {
      "model_sel": 0.17466804385185242,
      "sae_sel": 0.2400408387184143
    }
  },
  "15": {
    "mse_pos": 0.042120591646023824,
    "mse_whole": 0.03942218672297895,
    "l0": 32.0,
    "l1": 18.673381331699346,
    "wikidata_politics_1democratic_0republic": {
      "model_sel": 0.17824313044548035,
      "sae_sel": 0.2660878598690033
    }
  },
  "16": {
    "mse_pos": 0.1346835271254474,
    "mse_whole": 0.13278109829872847,
    "l0": 32.0,
    "l1": 22.784594566993466,
    "wikidata_politics_1democratic_0republic": {
      "model_sel": 0.17517876625061035,
      "sae_sel": 0.24668025970458984
    }
  },
  "17": {
    "mse_pos": 0.07816241080020524,
    "mse_whole": 0.0734305580171446,
    "l0": 32.0,
    "l1": 25.289905024509803,
    "wikidata_politics_1democratic_0republic": {
      "model_sel": 0.19662922620773315,
      "sae_sel": 0.25025537610054016
    }
  },
  "18": {
    "mse_pos": 0.14563250528904154,
    "mse_whole": 0.13967177174488704,
    "l0": 32.0,
    "l1": 29.333256740196077,
    "wikidata_politics_1democratic_0republic": {
      "model_sel": 0.14811033010482788,
      "sae_sel": 0.23493358492851257
    }
  },
  "19": {
    "mse_pos": 0.19310628522333562,
    "mse_whole": 0.18030789996683597,
    "l0": 32.0,
    "l1": 34.513684640522875,
    "wikidata_politics_1democratic_0republic": {
      "model_sel": 0.21603676676750183,
      "sae_sel": 0.23340141773223877
    }
  },
  "20": {
    "mse_pos": 0.09236582211565737,
    "mse_whole": 0.07475153188034891,
    "l0": 32.0,
    "l1": 29.116957720588236,
    "wikidata_politics_1democratic_0republic": {
      "model_sel": 0.17977529764175415,
      "sae_sel": 0.24514809250831604
    }
  },
  "21": {
    "mse_pos": 0.2145250160947101,
    "mse_whole": 0.1875813979456822,
    "l0": 32.0,
    "l1": 42.670215482026144,
    "wikidata_politics_1democratic_0republic": {
      "model_sel": 0.15781408548355103,
      "sae_sel": 0.22880488634109497
    }
  },
  "22": {
    "mse_pos": 0.15506407962442417,
    "mse_whole": 0.12090159725894531,
    "l0": 32.0,
    "l1": 46.38812295751634,
    "wikidata_politics_1democratic_0republic": {
      "model_sel": 0.16853934526443481,
      "sae_sel": 0.21450462937355042
    }
  },
  "23": {
    "mse_pos": 0.7062712316736092,
    "mse_whole": 0.6651864178180694,
    "l0": 32.0,
    "l1": 70.3531454248366,
    "wikidata_politics_1democratic_0republic": {
      "model_sel": 0.1486210823059082,
      "sae_sel": 0.17568951845169067
    }
  }
}