{
  "0": {
    "mse_pos": 0.08193873957376016,
    "mse_whole": 0.08191785474245747,
    "l0": 31.476759806555616,
    "l1": 73.66445011642486,
    "wikidata_1alive_0dead": {
      "model_sel": 0.11531573534011841,
      "sae_sel": 0.08441558480262756
    }
  },
  "1": {
    "mse_pos": 0.02205825824465335,
    "mse_whole": 0.021469001676576834,
    "l0": 32.0,
    "l1": 13.269086960415548,
    "wikidata_1alive_0dead": {
      "model_sel": 0.2651141881942749,
      "sae_sel": 0.24339455366134644
    }
  },
  "2": {
    "mse_pos": 0.04101095969578378,
    "mse_whole": 0.03341341765069713,
    "l0": 32.0,
    "l1": 20.93437667920473,
    "wikidata_1alive_0dead": {
      "model_sel": 0.19905954599380493,
      "sae_sel": 0.1699507236480713
    }
  },
  "3": {
    "mse_pos": 0.040522473674423,
    "mse_whole": 0.030848119023876887,
    "l0": 32.0,
    "l1": 22.91826750850797,
    "wikidata_1alive_0dead": {
      "model_sel": 0.1959248185157776,
      "sae_sel": 0.16838333010673523
    }
  },
  "4": {
    "mse_pos": 0.039467713065123804,
    "mse_whole": 0.031795735333735746,
    "l0": 32.0,
    "l1": 21.910246507254165,
    "wikidata_1alive_0dead": {
      "model_sel": 0.2633228302001953,
      "sae_sel": 0.21988356113433838
    }
  },
  "5": {
    "mse_pos": 0.074029302226185,
    "mse_whole": 0.06724639530045291,
    "l0": 32.0,
    "l1": 26.95055301809063,
    "wikidata_1alive_0dead": {
      "model_sel": 0.315942645072937,
      "sae_sel": 0.24361848831176758
    }
  },
  "6": {
    "mse_pos": 0.048530188099032937,
    "mse_whole": 0.05030203199697038,
    "l0": 32.0,
    "l1": 22.785336064839694,
    "wikidata_1alive_0dead": {
      "model_sel": 0.32176443934440613,
      "sae_sel": 0.2615315914154053
    }
  },
  "7": {
    "mse_pos": 0.04712581420232217,
    "mse_whole": 0.04407276355785628,
    "l0": 32.0,
    "l1": 20.69141814436683,
    "wikidata_1alive_0dead": {
      "model_sel": 0.3340797424316406,
      "sae_sel": 0.289520800113678
    }
  },
  "8": {
    "mse_pos": 0.042263337956635026,
    "mse_whole": 0.040505003700343274,
    "l0": 32.0,
    "l1": 21.07937041017374,
    "wikidata_1alive_0dead": {
      "model_sel": 0.3325123190879822,
      "sae_sel": 0.2857142686843872
    }
  },
  "9": {
    "mse_pos": 0.03117610622826612,
    "mse_whole": 0.030120743955640742,
    "l0": 32.0,
    "l1": 17.59648150635859,
    "wikidata_1alive_0dead": {
      "model_sel": 0.3423645496368408,
      "sae_sel": 0.2939990758895874
    }
  },
  "10": {
    "mse_pos": 0.033454083469577074,
    "mse_whole": 0.03250825862586498,
    "l0": 32.0,
    "l1": 17.128084139351603,
    "wikidata_1alive_0dead": {
      "model_sel": 0.3497536778450012,
      "sae_sel": 0.26847290992736816
    }
  },
  "11": {
    "mse_pos": 0.030014959807031772,
    "mse_whole": 0.028329220809973778,
    "l0": 32.0,
    "l1": 18.333937847035642,
    "wikidata_1alive_0dead": {
      "model_sel": 0.35512763261795044,
      "sae_sel": 0.2785490155220032
    }
  },
  "12": {
    "mse_pos": 0.03590982134040087,
    "mse_whole": 0.033282290474822125,
    "l0": 32.0,
    "l1": 17.720227700161203,
    "wikidata_1alive_0dead": {
      "model_sel": 0.340573251247406,
      "sae_sel": 0.2892968952655792
    }
  },
  "13": {
    "mse_pos": 0.06448032543464852,
    "mse_whole": 0.06275729898860057,
    "l0": 32.0,
    "l1": 20.2464176965789,
    "wikidata_1alive_0dead": {
      "model_sel": 0.3470667600631714,
      "sae_sel": 0.3206448554992676
    }
  },
  "14": {
    "mse_pos": 0.04677427194534814,
    "mse_whole": 0.044563653372228146,
    "l0": 32.0,
    "l1": 20.698325273150637,
    "wikidata_1alive_0dead": {
      "model_sel": 0.36430808901786804,
      "sae_sel": 0.3137035369873047
    }
  },
  "15": {
    "mse_pos": 0.04252544236233478,
    "mse_whole": 0.03972424797372272,
    "l0": 32.0,
    "l1": 18.766064391903996,
    "wikidata_1alive_0dead": {
      "model_sel": 0.3423645496368408,
      "sae_sel": 0.3119122087955475
    }
  },
  "16": {
    "mse_pos": 0.13521079279678538,
    "mse_whole": 0.13295202619458238,
    "l0": 32.0,
    "l1": 23.51638903815153,
    "wikidata_1alive_0dead": {
      "model_sel": 0.34863412380218506,
      "sae_sel": 0.32198837399482727
    }
  },
  "17": {
    "mse_pos": 0.07932452277515431,
    "mse_whole": 0.07370453176957865,
    "l0": 32.0,
    "l1": 26.351379186817123,
    "wikidata_1alive_0dead": {
      "model_sel": 0.3519928455352783,
      "sae_sel": 0.3137035369873047
    }
  },
  "18": {
    "mse_pos": 0.14493916015695035,
    "mse_whole": 0.13954512304067612,
    "l0": 32.0,
    "l1": 28.854737596274404,
    "wikidata_1alive_0dead": {
      "model_sel": 0.36206895112991333,
      "sae_sel": 0.3296014666557312
    }
  },
  "19": {
    "mse_pos": 0.19184455961608213,
    "mse_whole": 0.18024879051496584,
    "l0": 32.0,
    "l1": 34.49874619380262,
    "wikidata_1alive_0dead": {
      "model_sel": 0.3613972067832947,
      "sae_sel": 0.31840571761131287
    }
  },
  "20": {
    "mse_pos": 0.09124090963216926,
    "mse_whole": 0.07527517095332345,
    "l0": 32.0,
    "l1": 28.821713236611142,
    "wikidata_1alive_0dead": {
      "model_sel": 0.3416927456855774,
      "sae_sel": 0.3036274313926697
    }
  },
  "21": {
    "mse_pos": 0.21249016102376045,
    "mse_whole": 0.18854412606358528,
    "l0": 32.0,
    "l1": 43.150143292136846,
    "wikidata_1alive_0dead": {
      "model_sel": 0.35781461000442505,
      "sae_sel": 0.289520800113678
    }
  },
  "22": {
    "mse_pos": 0.1497670628701607,
    "mse_whole": 0.1216566925185422,
    "l0": 32.0,
    "l1": 46.287356707863154,
    "wikidata_1alive_0dead": {
      "model_sel": 0.3452754020690918,
      "sae_sel": 0.2942230701446533
    }
  },
  "23": {
    "mse_pos": 0.6976047282884694,
    "mse_whole": 0.6639403583506743,
    "l0": 32.0,
    "l1": 70.81913845602723,
    "wikidata_1alive_0dead": {
      "model_sel": 0.3533363342285156,
      "sae_sel": 0.28056424856185913
    }
  }
}