{
  "0": {
    "mse_pos": 0.0819374187258375,
    "mse_whole": 0.08191790083795786,
    "l0": 31.465811587793013,
    "l1": 73.61649712516585,
    "wikidata_gender_1female_0male": {
      "model_sel": 0.15590450167655945,
      "sae_sel": 0.1373286247253418
    }
  },
  "1": {
    "mse_pos": 0.022065578753022376,
    "mse_whole": 0.02147194834922751,
    "l0": 32.0,
    "l1": 12.983607916850952,
    "wikidata_gender_1female_0male": {
      "model_sel": 0.21207427978515625,
      "sae_sel": 0.2087571918964386
    }
  },
  "2": {
    "mse_pos": 0.041021304812046716,
    "mse_whole": 0.033432491491238274,
    "l0": 32.0,
    "l1": 21.197711189739053,
    "wikidata_gender_1female_0male": {
      "model_sel": 0.19747895002365112,
      "sae_sel": 0.18310481309890747
    }
  },
  "3": {
    "mse_pos": 0.0408339586477992,
    "mse_whole": 0.030873678878570596,
    "l0": 32.0,
    "l1": 23.137859354268024,
    "wikidata_gender_1female_0male": {
      "model_sel": 0.21605482697486877,
      "sae_sel": 0.18067225813865662
    }
  },
  "4": {
    "mse_pos": 0.039638363260220556,
    "mse_whole": 0.031816260852850976,
    "l0": 32.0,
    "l1": 22.09453228659885,
    "wikidata_gender_1female_0male": {
      "model_sel": 0.27863773703575134,
      "sae_sel": 0.22777530550956726
    }
  },
  "5": {
    "mse_pos": 0.07433919824102926,
    "mse_whole": 0.06729564200776318,
    "l0": 32.0,
    "l1": 27.370698805838124,
    "wikidata_gender_1female_0male": {
      "model_sel": 0.3089340627193451,
      "sae_sel": 0.2525431513786316
    }
  },
  "6": {
    "mse_pos": 0.048687348031051285,
    "mse_whole": 0.05037152826910218,
    "l0": 32.0,
    "l1": 22.867425917735517,
    "wikidata_gender_1female_0male": {
      "model_sel": 0.34873950481414795,
      "sae_sel": 0.3140203356742859
    }
  },
  "7": {
    "mse_pos": 0.047197673772616175,
    "mse_whole": 0.044092150442302226,
    "l0": 32.0,
    "l1": 20.67922379478107,
    "wikidata_gender_1female_0male": {
      "model_sel": 0.38168954849243164,
      "sae_sel": 0.33370187878608704
    }
  },
  "8": {
    "mse_pos": 0.04232514504242766,
    "mse_whole": 0.040496210667615135,
    "l0": 32.0,
    "l1": 21.049115435647945,
    "wikidata_gender_1female_0male": {
      "model_sel": 0.4057938754558563,
      "sae_sel": 0.35050860047340393
    }
  },
  "9": {
    "mse_pos": 0.03120033495220422,
    "mse_whole": 0.0301040578908287,
    "l0": 32.0,
    "l1": 17.59735183547103,
    "wikidata_gender_1female_0male": {
      "model_sel": 0.39230430126190186,
      "sae_sel": 0.3505086302757263
    }
  },
  "10": {
    "mse_pos": 0.0334581154932864,
    "mse_whole": 0.0324994679633528,
    "l0": 32.0,
    "l1": 17.178035161432994,
    "wikidata_gender_1female_0male": {
      "model_sel": 0.4177355468273163,
      "sae_sel": 0.3558160066604614
    }
  },
  "11": {
    "mse_pos": 0.03009329936765744,
    "mse_whole": 0.028330091188661755,
    "l0": 32.0,
    "l1": 18.422412649270235,
    "wikidata_gender_1female_0male": {
      "model_sel": 0.39230430126190186,
      "sae_sel": 0.3498452305793762
    }
  },
  "12": {
    "mse_pos": 0.03607316750082386,
    "mse_whole": 0.033297074324140946,
    "l0": 32.0,
    "l1": 17.748026315789474,
    "wikidata_gender_1female_0male": {
      "model_sel": 0.3852277994155884,
      "sae_sel": 0.33193278312683105
    }
  },
  "13": {
    "mse_pos": 0.06458698679017104,
    "mse_whole": 0.06274867001300057,
    "l0": 32.0,
    "l1": 20.394051304732418,
    "wikidata_gender_1female_0male": {
      "model_sel": 0.37019020318984985,
      "sae_sel": 0.3241928517818451
    }
  },
  "14": {
    "mse_pos": 0.046887049171538124,
    "mse_whole": 0.04453510612497727,
    "l0": 32.0,
    "l1": 20.76699469261389,
    "wikidata_gender_1female_0male": {
      "model_sel": 0.3697478771209717,
      "sae_sel": 0.34387439489364624
    }
  },
  "15": {
    "mse_pos": 0.04266357294282572,
    "mse_whole": 0.039700142895802856,
    "l0": 32.0,
    "l1": 19.197899159663866,
    "wikidata_gender_1female_0male": {
      "model_sel": 0.3854489326477051,
      "sae_sel": 0.37195929884910583
    }
  },
  "16": {
    "mse_pos": 0.1354241895371177,
    "mse_whole": 0.13294029781470695,
    "l0": 32.0,
    "l1": 23.516944935869084,
    "wikidata_gender_1female_0male": {
      "model_sel": 0.35846972465515137,
      "sae_sel": 0.3412206768989563
    }
  },
  "17": {
    "mse_pos": 0.07948914580459038,
    "mse_whole": 0.0736905075876663,
    "l0": 32.0,
    "l1": 26.156169836355595,
    "wikidata_gender_1female_0male": {
      "model_sel": 0.372401624917984,
      "sae_sel": 0.3308270573616028
    }
  },
  "18": {
    "mse_pos": 0.14503498925987676,
    "mse_whole": 0.13954077936088047,
    "l0": 32.0,
    "l1": 28.734807607253426,
    "wikidata_gender_1female_0male": {
      "model_sel": 0.36068111658096313,
      "sae_sel": 0.3016364574432373
    }
  },
  "19": {
    "mse_pos": 0.1919316154462687,
    "mse_whole": 0.1801934773872296,
    "l0": 32.0,
    "l1": 34.4187417072092,
    "wikidata_gender_1female_0male": {
      "model_sel": 0.3788146674633026,
      "sae_sel": 0.32220256328582764
    }
  },
  "20": {
    "mse_pos": 0.09093705391604412,
    "mse_whole": 0.0751760276593268,
    "l0": 32.0,
    "l1": 28.389130915524106,
    "wikidata_gender_1female_0male": {
      "model_sel": 0.3624502420425415,
      "sae_sel": 0.31203004717826843
    }
  },
  "21": {
    "mse_pos": 0.21218038362272543,
    "mse_whole": 0.1882977466781934,
    "l0": 32.0,
    "l1": 42.866486068111456,
    "wikidata_gender_1female_0male": {
      "model_sel": 0.3639982342720032,
      "sae_sel": 0.30053073167800903
    }
  },
  "22": {
    "mse_pos": 0.14945471742508,
    "mse_whole": 0.12154505595813195,
    "l0": 32.0,
    "l1": 46.29806501547988,
    "wikidata_gender_1female_0male": {
      "model_sel": 0.37041133642196655,
      "sae_sel": 0.2903582453727722
    }
  },
  "23": {
    "mse_pos": 0.6971489874571101,
    "mse_whole": 0.6640959231058756,
    "l0": 32.0,
    "l1": 71.07890314020345,
    "wikidata_gender_1female_0male": {
      "model_sel": 0.3524988889694214,
      "sae_sel": 0.26116761565208435
    }
  }
}