{
  "0": {
    "mse_pos": 0.08193961557435002,
    "mse_whole": 0.08191575343161821,
    "l0": 31.456473146861597,
    "l1": 75.31501842566303,
    "wikidata_athlete_is_football": {
      "model_sel": -0.005740165710449219,
      "sae_sel": 0.02386707067489624
    },
    "wikidata_athlete_is_basketball": {
      "model_sel": -0.0006042122840881348,
      "sae_sel": 0.0030211210250854492
    },
    "wikidata_athlete_is_baseball": {
      "model_sel": -0.0006042718887329102,
      "sae_sel": 0.013293087482452393
    },
    "wikidata_athlete_is_american_football": {
      "model_sel": -0.009969770908355713,
      "sae_sel": 0.007854998111724854
    },
    "wikidata_athlete_is_icehockey": {
      "model_sel": 0.005135953426361084,
      "sae_sel": 0.008761346340179443
    }
  },
  "1": {
    "mse_pos": 0.02187657760771165,
    "mse_whole": 0.02136288539916277,
    "l0": 32.0,
    "l1": 13.152351537485652,
    "wikidata_athlete_is_football": {
      "model_sel": 0.06495469808578491,
      "sae_sel": 0.105135977268219
    },
    "wikidata_athlete_is_basketball": {
      "model_sel": -0.0024169087409973145,
      "sae_sel": -0.0033232569694519043
    },
    "wikidata_athlete_is_baseball": {
      "model_sel": -0.0027190446853637695,
      "sae_sel": 0.0033232569694519043
    },
    "wikidata_athlete_is_american_football": {
      "model_sel": -0.007250726222991943,
      "sae_sel": 0.0006042122840881348
    },
    "wikidata_athlete_is_icehockey": {
      "model_sel": -0.001208484172821045,
      "sae_sel": 0.009969830513000488
    }
  },
  "2": {
    "mse_pos": 0.04079072373678214,
    "mse_whole": 0.03328922198414803,
    "l0": 32.0,
    "l1": 20.7308493928593,
    "wikidata_athlete_is_football": {
      "model_sel": 0.030211448669433594,
      "sae_sel": 0.08157098293304443
    },
    "wikidata_athlete_is_basketball": {
      "model_sel": -0.0006042122840881348,
      "sae_sel": 0.007854998111724854
    },
    "wikidata_athlete_is_baseball": {
      "model_sel": -0.006042301654815674,
      "sae_sel": 0.011178255081176758
    },
    "wikidata_athlete_is_american_football": {
      "model_sel": 0.005438029766082764,
      "sae_sel": 0.017522692680358887
    },
    "wikidata_athlete_is_icehockey": {
      "model_sel": -0.0021147727966308594,
      "sae_sel": 0.011178255081176758
    }
  },
  "3": {
    "mse_pos": 0.040466068964839765,
    "mse_whole": 0.030719183694198727,
    "l0": 32.0,
    "l1": 22.531572826677944,
    "wikidata_athlete_is_football": {
      "model_sel": 0.05619335174560547,
      "sae_sel": 0.09577041864395142
    },
    "wikidata_athlete_is_basketball": {
      "model_sel": -0.0027190446853637695,
      "sae_sel": 0.0039275288581848145
    },
    "wikidata_athlete_is_baseball": {
      "model_sel": 0.0009062886238098145,
      "sae_sel": 0.011178255081176758
    },
    "wikidata_athlete_is_american_football": {
      "model_sel": -0.006646573543548584,
      "sae_sel": 0.01722055673599243
    },
    "wikidata_athlete_is_icehockey": {
      "model_sel": -0.009063482284545898,
      "sae_sel": 0.01903325319290161
    }
  },
  "4": {
    "mse_pos": 0.04019680851651291,
    "mse_whole": 0.03244111399427056,
    "l0": 32.0,
    "l1": 22.803721379810305,
    "wikidata_athlete_is_football": {
      "model_sel": 0.09365558624267578,
      "sae_sel": 0.12809669971466064
    },
    "wikidata_athlete_is_basketball": {
      "model_sel": -0.007250785827636719,
      "sae_sel": 0.009063422679901123
    },
    "wikidata_athlete_is_baseball": {
      "model_sel": 0.015407800674438477,
      "sae_sel": 0.048338353633880615
    },
    "wikidata_athlete_is_american_football": {
      "model_sel": 0.025981903076171875,
      "sae_sel": 0.03927487134933472
    },
    "wikidata_athlete_is_icehockey": {
      "model_sel": 0.004229605197906494,
      "sae_sel": 0.03293049335479736
    }
  },
  "5": {
    "mse_pos": 0.07471211185775725,
    "mse_whole": 0.06781969086229801,
    "l0": 32.0,
    "l1": 27.83228115749411,
    "wikidata_athlete_is_football": {
      "model_sel": 0.11480361223220825,
      "sae_sel": 0.17009061574935913
    },
    "wikidata_athlete_is_basketball": {
      "model_sel": 0.0021148324012756348,
      "sae_sel": 0.010573983192443848
    },
    "wikidata_athlete_is_baseball": {
      "model_sel": 0.03323262929916382,
      "sae_sel": 0.07009059190750122
    },
    "wikidata_athlete_is_american_football": {
      "model_sel": 0.023564934730529785,
      "sae_sel": 0.03746223449707031
    },
    "wikidata_athlete_is_icehockey": {
      "model_sel": 0.020543813705444336,
      "sae_sel": 0.044410884380340576
    }
  },
  "6": {
    "mse_pos": 0.04750089877765719,
    "mse_whole": 0.05092433981597424,
    "l0": 32.0,
    "l1": 22.579396484021025,
    "wikidata_athlete_is_football": {
      "model_sel": 0.1069486141204834,
      "sae_sel": 0.11450153589248657
    },
    "wikidata_athlete_is_basketball": {
      "model_sel": -0.013293027877807617,
      "sae_sel": 0.0024169087409973145
    },
    "wikidata_athlete_is_baseball": {
      "model_sel": 0.015407860279083252,
      "sae_sel": 0.04078549146652222
    },
    "wikidata_athlete_is_american_football": {
      "model_sel": 0.011480331420898438,
      "sae_sel": 0.02839881181716919
    },
    "wikidata_athlete_is_icehockey": {
      "model_sel": 0.006042301654815674,
      "sae_sel": 0.03353476524353027
    }
  },
  "7": {
    "mse_pos": 0.04592150618947108,
    "mse_whole": 0.044436438313871625,
    "l0": 32.0,
    "l1": 20.08339122817616,
    "wikidata_athlete_is_football": {
      "model_sel": 0.11117827892303467,
      "sae_sel": 0.11480361223220825
    },
    "wikidata_athlete_is_basketball": {
      "model_sel": -0.0006042122840881348,
      "sae_sel": -0.0003021359443664551
    },
    "wikidata_athlete_is_baseball": {
      "model_sel": 0.016012072563171387,
      "sae_sel": 0.016616344451904297
    },
    "wikidata_athlete_is_american_football": {
      "model_sel": 0.029607295989990234,
      "sae_sel": 0.027190327644348145
    },
    "wikidata_athlete_is_icehockey": {
      "model_sel": 0.013293027877807617,
      "sae_sel": 0.0199396014213562
    }
  },
  "8": {
    "mse_pos": 0.04137574313508343,
    "mse_whole": 0.04089868171475828,
    "l0": 32.0,
    "l1": 20.939769226122152,
    "wikidata_athlete_is_football": {
      "model_sel": 0.11238670349121094,
      "sae_sel": 0.10996979475021362
    },
    "wikidata_athlete_is_basketball": {
      "model_sel": -0.0039275288581848145,
      "sae_sel": 0.02386707067489624
    },
    "wikidata_athlete_is_baseball": {
      "model_sel": 0.02356499433517456,
      "sae_sel": 0.03293055295944214
    },
    "wikidata_athlete_is_american_football": {
      "model_sel": 0.02779453992843628,
      "sae_sel": 0.03051358461380005
    },
    "wikidata_athlete_is_icehockey": {
      "model_sel": 0.016314148902893066,
      "sae_sel": 0.025377631187438965
    }
  },
  "9": {
    "mse_pos": 0.030668092138886573,
    "mse_whole": 0.030636743746697902,
    "l0": 32.0,
    "l1": 17.674537848124206,
    "wikidata_athlete_is_football": {
      "model_sel": 0.1235649585723877,
      "sae_sel": 0.11963742971420288
    },
    "wikidata_athlete_is_basketball": {
      "model_sel": -0.001208484172821045,
      "sae_sel": 0.017220497131347656
    },
    "wikidata_athlete_is_baseball": {
      "model_sel": 0.022658586502075195,
      "sae_sel": 0.04048341512680054
    },
    "wikidata_athlete_is_american_football": {
      "model_sel": 0.015105724334716797,
      "sae_sel": 0.03444105386734009
    },
    "wikidata_athlete_is_icehockey": {
      "model_sel": 0.01812690496444702,
      "sae_sel": 0.009365558624267578
    }
  },
  "10": {
    "mse_pos": 0.03301691561118142,
    "mse_whole": 0.032836418787017464,
    "l0": 32.0,
    "l1": 17.10477707968344,
    "wikidata_athlete_is_football": {
      "model_sel": 0.11510574817657471,
      "sae_sel": 0.09093654155731201
    },
    "wikidata_athlete_is_basketball": {
      "model_sel": -0.009667634963989258,